{
    "score": [
        0.1
    ],
    "extracted": [
        0
    ],
    "abstract": [
        "includes games of monday , december 18 , 2017 ."
    ],
    "id": "276814.train",
    "article": [
        "pointsfieldgoalturnoversreboundpergamepercentagepergamepercentagesownopp . ownopp . ownopp . offdeftotatlanta103 .4108.5.455.47415.616.8.212.742.473 boston103 .898.5.454.44014.314.3.213.787.507 brooklyn107 .1110.9.441.46616.013.8.217.774.491 charlotte104 .2105.7.436.45213.513.9.225.817.517 chicago98 .8106.2.429.46514.013.2.199.811.492 cleveland111 .1107.1.484.46414.614.1.198.763.493 dallas99 .4102.9.436.45813.314.2.175.796.474 denver107 .4107.1.461.48115.615.6.273.781.522 detroit103 .0102.0.448.46514.515.8.240.775.498 golden state116 .8106.0.511.43316.215.1.214.772.520 houston115 .3104.0.471.46115.315.3.217.815.522 indiana108 .3106.9.478.46814.015.4.222.759.497 l. a. clippers103 .3106.0.447.46115.215.0.242.768.499 l. a. lakers106 .6109.6.456.45517.016.0.230.775.502 memphis97 .0101.2.443.45214.715.0.196.767.480 miami100 .2102.2.453.45315.814.3.187.783.489 milwaukee104 .5105.0.480.46513.316.2.188.767.475 minnesota107 .6106.4.469.48213.516.0.253.762.502 new orleans110 .8111.7.490.46516.514.8.202.770.497 new york104 .3103.9.472.44515.914.6.260.767.521 oklahoma city101 .9100.2.435.45214.917.7.269.778.511 orlando106 .1110.2.461.46515.114.6.191.760.476 philadelphia109 .1109.6.458.44318.014.5.262.786.531 phoenix106 .4113.5.446.46316.213.7.242.767.502 portland102 .8100.8.446.44315.012.9.229.805.523 sacramento96 .1105.6.445.47415.015.1.213.760.476 san antonio101 .598.1.456.45414.214.3.246.795.519 toronto110 .9102.5.481.44813.815.9.219.777.506 utah102 .9100.8.456.45814.616.1.199.781.484 washington105 .2103.0.456.45013.915.5.224.769.496 ___ overtime3pts . 10 pts . gamesorlessormorewlwlwlatlanta0113313boston1042123brooklyn000149charlotte110478chicago114329cleveland103164dallas011258denver1121109detroit002166golden state2021152houston0020182indiana104197l . a. clippers013167l . a. lakers133247memphis013437miami012267milwaukee101046minnesota115485new orleans121037new york1002810oklahoma city204474orlando1010612philadelphia111566phoenix0122112portland014464sacramento1022113san antonio0052106toronto0002112utah1002109washington021592 .   "
    ]
}